-- phpMyAdmin SQL Dump
-- version 4.9.5
-- https://www.phpmyadmin.net/
--
-- Host: localhost:3306
-- Generation Time: Jul 13, 2021 at 11:08 AM
-- Server version: 5.7.24
-- PHP Version: 7.4.1

SET SQL_MODE = "NO_AUTO_VALUE_ON_ZERO";
SET AUTOCOMMIT = 0;
START TRANSACTION;
SET time_zone = "+00:00";


/*!40101 SET @OLD_CHARACTER_SET_CLIENT=@@CHARACTER_SET_CLIENT */;
/*!40101 SET @OLD_CHARACTER_SET_RESULTS=@@CHARACTER_SET_RESULTS */;
/*!40101 SET @OLD_COLLATION_CONNECTION=@@COLLATION_CONNECTION */;
/*!40101 SET NAMES utf8mb4 */;

--
-- Database: `ola`
--

-- --------------------------------------------------------

--
-- Table structure for table `admin_master`
--

CREATE TABLE `admin_master` (
  `id` int(11) NOT NULL,
  `email` varchar(150) NOT NULL,
  `password` varchar(150) NOT NULL,
  `created_date` datetime NOT NULL DEFAULT CURRENT_TIMESTAMP
) ENGINE=InnoDB DEFAULT CHARSET=utf8;

--
-- Dumping data for table `admin_master`
--

INSERT INTO `admin_master` (`id`, `email`, `password`, `created_date`) VALUES
(1, 'admin@gmail.com', 'e10adc3949ba59abbe56e057f20f883e', '2021-02-13 04:28:53');

-- --------------------------------------------------------

--
-- Table structure for table `contact_email_addresses`
--

CREATE TABLE `contact_email_addresses` (
  `cea_id` int(11) NOT NULL,
  `label` varchar(255) NOT NULL,
  `value` varchar(255) NOT NULL,
  `user_id` int(11) NOT NULL,
  `contact_id` int(11) NOT NULL,
  `created_date` datetime NOT NULL DEFAULT CURRENT_TIMESTAMP,
  `updated_date` datetime NOT NULL DEFAULT CURRENT_TIMESTAMP ON UPDATE CURRENT_TIMESTAMP
) ENGINE=InnoDB DEFAULT CHARSET=utf8;

--
-- Dumping data for table `contact_email_addresses`
--

INSERT INTO `contact_email_addresses` (`cea_id`, `label`, `value`, `user_id`, `contact_id`, `created_date`, `updated_date`) VALUES
(11, '_$!<Work>!$_', 'kate-bell@mac.com', 1, 1, '2021-07-13 16:03:43', '2021-07-13 16:03:43'),
(12, '_$!<Home>!$_', 'd-higgins@mac.com', 1, 2, '2021-07-13 16:03:43', '2021-07-13 16:03:43'),
(13, '_$!<Work>!$_', 'John-Appleseed@mac.com', 1, 3, '2021-07-13 16:03:43', '2021-07-13 16:03:43'),
(14, '_$!<Home>!$_', 'anna-haro@mac.com', 1, 4, '2021-07-13 16:03:43', '2021-07-13 16:03:43'),
(15, '_$!<Work>!$_', 'hank-zakroff@mac.com', 1, 5, '2021-07-13 16:03:43', '2021-07-13 16:03:43');

-- --------------------------------------------------------

--
-- Table structure for table `contact_phonenumbers`
--

CREATE TABLE `contact_phonenumbers` (
  `cpn_id` int(11) NOT NULL,
  `stringValue` varchar(255) NOT NULL,
  `label` varchar(255) NOT NULL,
  `user_id` int(11) NOT NULL,
  `contact_id` int(11) NOT NULL,
  `created_date` datetime NOT NULL DEFAULT CURRENT_TIMESTAMP,
  `updated_date` datetime NOT NULL DEFAULT CURRENT_TIMESTAMP ON UPDATE CURRENT_TIMESTAMP
) ENGINE=InnoDB DEFAULT CHARSET=utf8;

--
-- Dumping data for table `contact_phonenumbers`
--

INSERT INTO `contact_phonenumbers` (`cpn_id`, `stringValue`, `label`, `user_id`, `contact_id`, `created_date`, `updated_date`) VALUES
(23, '(555) 564-8583', '_$!<Mobile>!$_', 1, 1, '2021-07-13 16:03:43', '2021-07-13 16:03:43'),
(24, '(415) 555-3695', '_$!<Main>!$_', 1, 1, '2021-07-13 16:03:43', '2021-07-13 16:03:43'),
(25, '555-478-7672', '_$!<Home>!$_', 1, 2, '2021-07-13 16:03:43', '2021-07-13 16:03:43'),
(26, '(408) 555-5270', '_$!<Mobile>!$_', 1, 2, '2021-07-13 16:03:43', '2021-07-13 16:03:43'),
(27, '(408) 555-3514', '_$!<HomeFAX>!$_', 1, 2, '2021-07-13 16:03:43', '2021-07-13 16:03:43'),
(28, '888-555-5512', '_$!<Mobile>!$_', 1, 3, '2021-07-13 16:03:43', '2021-07-13 16:03:43'),
(29, '888-555-1212', '_$!<Home>!$_', 1, 3, '2021-07-13 16:03:43', '2021-07-13 16:03:43'),
(30, '555-522-8243', '_$!<Home>!$_', 1, 4, '2021-07-13 16:03:43', '2021-07-13 16:03:43'),
(31, '(555) 766-4823', '_$!<Work>!$_', 1, 5, '2021-07-13 16:03:43', '2021-07-13 16:03:43'),
(32, '(707) 555-1854', '_$!<Other>!$_', 1, 5, '2021-07-13 16:03:43', '2021-07-13 16:03:43'),
(33, '555-610-6679', '_$!<Home>!$_', 1, 6, '2021-07-13 16:03:43', '2021-07-13 16:03:43');

-- --------------------------------------------------------

--
-- Table structure for table `contact_postal_addresses`
--

CREATE TABLE `contact_postal_addresses` (
  `cpa_id` int(11) NOT NULL,
  `subAdministrativeArea` varchar(255) NOT NULL,
  `subLocality` varchar(255) NOT NULL,
  `street` text NOT NULL,
  `isoCountryCode` varchar(25) NOT NULL,
  `country` varchar(100) NOT NULL,
  `city` varchar(100) NOT NULL,
  `label` varchar(255) NOT NULL,
  `state` varchar(255) NOT NULL,
  `postalCode` varchar(100) NOT NULL,
  `user_id` int(11) NOT NULL,
  `contact_id` int(11) NOT NULL,
  `created_date` datetime NOT NULL DEFAULT CURRENT_TIMESTAMP,
  `updated_date` datetime NOT NULL DEFAULT CURRENT_TIMESTAMP ON UPDATE CURRENT_TIMESTAMP
) ENGINE=InnoDB DEFAULT CHARSET=utf8;

--
-- Dumping data for table `contact_postal_addresses`
--

INSERT INTO `contact_postal_addresses` (`cpa_id`, `subAdministrativeArea`, `subLocality`, `street`, `isoCountryCode`, `country`, `city`, `label`, `state`, `postalCode`, `user_id`, `contact_id`, `created_date`, `updated_date`) VALUES
(15, '', '', '165 Davis Street', 'us', '', 'Hillsborough', '_$!<Work>!$_', 'CA', '94010', 1, 1, '2021-07-13 16:03:43', '2021-07-13 16:03:43'),
(16, '', '', '332 Laguna Street', 'us', 'USA', 'Corte Madera', '_$!<Home>!$_', 'CA', '94925', 1, 2, '2021-07-13 16:03:43', '2021-07-13 16:03:43'),
(18, '', '', '1234 Laurel Street', 'us', 'USA', 'Atlanta', '_$!<Home>!$_', 'GA', '30303', 1, 3, '2021-07-13 16:03:43', '2021-07-13 16:03:43'),
(19, '', '', '1001  Leavenworth Street', 'us', 'USA', 'Sausalito', '_$!<Home>!$_', 'CA', '94965', 1, 4, '2021-07-13 16:03:43', '2021-07-13 16:03:43'),
(20, '', '', '1741 Kearny Street', 'us', '', 'San Rafael', '_$!<Work>!$_', 'CA', '94901', 1, 5, '2021-07-13 16:03:43', '2021-07-13 16:03:43'),
(21, '', '', '1747 Steuart Street', 'us', 'USA', 'Tiburon', '_$!<Home>!$_', 'CA', '94920', 1, 6, '2021-07-13 16:03:43', '2021-07-13 16:03:43');

-- --------------------------------------------------------

--
-- Table structure for table `contact_social_profiles`
--

CREATE TABLE `contact_social_profiles` (
  `csp_id` int(11) NOT NULL,
  `label` varchar(150) NOT NULL,
  `service` varchar(150) NOT NULL,
  `urlString` text NOT NULL,
  `username` varchar(255) NOT NULL,
  `user_id` int(11) NOT NULL,
  `contact_id` int(11) NOT NULL,
  `created_date` datetime NOT NULL DEFAULT CURRENT_TIMESTAMP,
  `updated_date` datetime NOT NULL DEFAULT CURRENT_TIMESTAMP ON UPDATE CURRENT_TIMESTAMP
) ENGINE=InnoDB DEFAULT CHARSET=utf8;

-- --------------------------------------------------------

--
-- Table structure for table `key_master`
--

CREATE TABLE `key_master` (
  `key_id` int(10) NOT NULL,
  `key_name` varchar(50) NOT NULL,
  `cdate` datetime NOT NULL
) ENGINE=MyISAM DEFAULT CHARSET=latin1;

--
-- Dumping data for table `key_master`
--

INSERT INTO `key_master` (`key_id`, `key_name`, `cdate`) VALUES
(1, '2b223e5cee713615ha54ac203b24e9a123701431343mm', '2020-01-10 10:00:00');

-- --------------------------------------------------------

--
-- Table structure for table `key_token_master`
--

CREATE TABLE `key_token_master` (
  `key_token_id` int(11) NOT NULL,
  `key` varchar(50) NOT NULL,
  `token` varchar(50) NOT NULL,
  `cdate` datetime NOT NULL
) ENGINE=InnoDB DEFAULT CHARSET=latin1;

--
-- Dumping data for table `key_token_master`
--

INSERT INTO `key_token_master` (`key_token_id`, `key`, `token`, `cdate`) VALUES
(1, '2b223e5cee713615ha54ac203b24e9a123701431343mm', '922a42006447b076bac263bb8ef432a0', '2021-06-12 09:09:23'),
(2, '2b223e5cee713615ha54ac203b24e9a123701431343mm', 'b876fa9d91ae89eb40eb6c758e552c49', '2021-06-12 09:38:42'),
(3, '2b223e5cee713615ha54ac203b24e9a123701431343mm', '7043d7e2ad78d3c01285adb704bf4a41', '2021-06-16 17:49:29'),
(4, '2b223e5cee713615ha54ac203b24e9a123701431343mm', '63c48e1694d2a04c13a23c6cdce5d50b', '2021-06-17 09:40:00'),
(5, '2b223e5cee713615ha54ac203b24e9a123701431343mm', '2d1a0fcf37a750f7ed32648273e4ec9e', '2021-06-17 09:41:34'),
(6, '2b223e5cee713615ha54ac203b24e9a123701431343mm', 'e51578cb507f5bd10ff829246ed2be75', '2021-06-17 09:44:14'),
(7, '2b223e5cee713615ha54ac203b24e9a123701431343mm', '4d27b5edf0b2b4a44367a5f63d9ca0c0', '2021-06-17 09:44:35'),
(8, '2b223e5cee713615ha54ac203b24e9a123701431343mm', '03e7021d5f67949b2f68d6420ac942bf', '2021-06-17 09:46:12'),
(9, '2b223e5cee713615ha54ac203b24e9a123701431343mm', 'f3154b9c63055b19bf7f8e5c9e67fa8d', '2021-06-17 10:21:16'),
(10, '2b223e5cee713615ha54ac203b24e9a123701431343mm', '6ec6f8d4cc2982965c35b7fa10b080c2', '2021-06-17 10:40:24'),
(11, '2b223e5cee713615ha54ac203b24e9a123701431343mm', 'b05ad0bcb427c710de9ac366e99a9c48', '2021-06-17 10:58:55'),
(12, '2b223e5cee713615ha54ac203b24e9a123701431343mm', '9a76113aa5b944f7a72b8f1c9d00c310', '2021-06-17 11:28:47'),
(13, '2b223e5cee713615ha54ac203b24e9a123701431343mm', '6032e2c524e3c3ae1ba066e18343fa61', '2021-06-17 14:02:57'),
(14, '2b223e5cee713615ha54ac203b24e9a123701431343mm', '2936886fb46d6a1248dbd164cf1662e1', '2021-06-17 14:07:41'),
(15, '2b223e5cee713615ha54ac203b24e9a123701431343mm', '4bd2b69296911708dd858834665b5c24', '2021-06-17 14:08:28'),
(16, '2b223e5cee713615ha54ac203b24e9a123701431343mm', 'cb61ea63dda4027a73c02ea17c0f9af1', '2021-06-17 14:12:38'),
(17, '2b223e5cee713615ha54ac203b24e9a123701431343mm', 'b3ab028546fa780252c1ad150251428a', '2021-06-18 15:50:01'),
(18, '2b223e5cee713615ha54ac203b24e9a123701431343mm', '03fa92b075c316c0ddb0457ed4cf0f49', '2021-06-24 17:35:14'),
(19, '2b223e5cee713615ha54ac203b24e9a123701431343mm', '36cbffde882e94bdc49c0059a254e854', '2021-06-24 17:46:43'),
(20, '2b223e5cee713615ha54ac203b24e9a123701431343mm', '8ca0ce5156aaf1c633c2d0d1ff786d99', '2021-06-25 09:17:15'),
(21, '2b223e5cee713615ha54ac203b24e9a123701431343mm', '48c8e5dd7002b0f4c61ac89a9f59fadd', '2021-06-26 12:30:40'),
(22, '2b223e5cee713615ha54ac203b24e9a123701431343mm', 'f97a8ed6d5b976e051054c0374fec09b', '2021-06-26 14:47:20'),
(23, '2b223e5cee713615ha54ac203b24e9a123701431343mm', '382b17b1fbe8e988fca9381f790fe393', '2021-06-26 14:53:21'),
(24, '2b223e5cee713615ha54ac203b24e9a123701431343mm', 'b3fb8e9fb28b271e2d68b64ab4685dc5', '2021-06-28 10:29:14'),
(25, '2b223e5cee713615ha54ac203b24e9a123701431343mm', 'b29147f92619755e872a27ac8b91a776', '2021-06-28 10:36:28'),
(26, '2b223e5cee713615ha54ac203b24e9a123701431343mm', '062ec963ad334f09868240a6557e8f22', '2021-06-28 14:10:25'),
(27, '2b223e5cee713615ha54ac203b24e9a123701431343mm', 'c6e00ed9077b5175fdfa39ada9ee6b1e', '2021-06-28 14:22:09'),
(28, '2b223e5cee713615ha54ac203b24e9a123701431343mm', '1a5e9ff9671aaa42f7771e210f5e6483', '2021-06-28 16:56:11'),
(29, '2b223e5cee713615ha54ac203b24e9a123701431343mm', '36b2a89594e0c2a6fc5da85eaa330012', '2021-06-29 17:15:33'),
(30, '2b223e5cee713615ha54ac203b24e9a123701431343mm', 'e942ba584f45683278f32778af13e85f', '2021-06-29 17:21:28'),
(31, '2b223e5cee713615ha54ac203b24e9a123701431343mm', '63bffaad2e7bb278e536805a17bdf127', '2021-06-30 10:20:24'),
(32, '2b223e5cee713615ha54ac203b24e9a123701431343mm', '7ffc6c6c4f028da70610f6192fcf5a8c', '2021-06-30 10:52:40'),
(33, '2b223e5cee713615ha54ac203b24e9a123701431343mm', '8f94b27c81e8dd1a5861e78132862813', '2021-06-30 12:18:13'),
(34, '2b223e5cee713615ha54ac203b24e9a123701431343mm', '9158eff6b3a9e72ae7b1ce2f5c782d06', '2021-06-30 12:57:22'),
(35, '2b223e5cee713615ha54ac203b24e9a123701431343mm', '00553a038dbd3e15e33360a87a07ec7e', '2021-06-30 13:42:37'),
(36, '2b223e5cee713615ha54ac203b24e9a123701431343mm', 'edde874916ab13c7c920e969fb311807', '2021-07-01 14:27:26'),
(37, '2b223e5cee713615ha54ac203b24e9a123701431343mm', 'd69c6087dcb9e71ecd12dc6b2f621eb5', '2021-07-02 18:03:48'),
(38, '2b223e5cee713615ha54ac203b24e9a123701431343mm', 'b055f55ea5d276f3d5bbf6fb69b664d5', '2021-07-03 15:03:39'),
(39, '2b223e5cee713615ha54ac203b24e9a123701431343mm', '84763a5dd9d8ca547d3fa7940fc163d9', '2021-07-03 15:24:49');

-- --------------------------------------------------------

--
-- Table structure for table `notification_master`
--

CREATE TABLE `notification_master` (
  `noti_id` int(11) NOT NULL,
  `user_id` int(11) NOT NULL,
  `to_user_id` int(11) NOT NULL,
  `us_id` int(11) NOT NULL,
  `status` enum('Pending','Accepted','Rejected') NOT NULL,
  `msg` text NOT NULL,
  `requested_point` double NOT NULL,
  `created_date` datetime NOT NULL DEFAULT CURRENT_TIMESTAMP,
  `updated_date` datetime NOT NULL DEFAULT CURRENT_TIMESTAMP ON UPDATE CURRENT_TIMESTAMP
) ENGINE=InnoDB DEFAULT CHARSET=utf8;

--
-- Dumping data for table `notification_master`
--

INSERT INTO `notification_master` (`noti_id`, `user_id`, `to_user_id`, `us_id`, `status`, `msg`, `requested_point`, `created_date`, `updated_date`) VALUES
(1, 2, 1, 1, 'Accepted', 'Great News! accept your contact request. you can able to contact with him', 25, '2021-06-12 14:55:17', '2021-06-12 17:46:26'),
(2, 24, 1, 1, 'Pending', 'Request to add you to contact list', 25, '2021-06-28 06:11:18', '2021-06-28 06:11:18'),
(3, 1, 24, 4, 'Accepted', 'Great News! accept your contact request. you can able to contact with him', 25, '2021-06-28 06:15:40', '2021-06-28 07:09:38'),
(4, 28, 2, 2, 'Pending', 'Request to add you to contact list', 1, '2021-06-28 11:27:15', '2021-06-28 11:27:15'),
(5, 38, 1, 1, 'Pending', 'Request to add you to contact list', 25, '2021-07-03 09:35:05', '2021-07-03 09:35:05'),
(6, 30, 1, 1, 'Pending', 'Request to add you to contact list', 20, '2021-07-06 09:32:14', '2021-07-06 09:32:14'),
(7, 30, 2, 2, 'Pending', 'Request to add you to contact list', 1, '2021-07-06 09:35:12', '2021-07-06 09:35:12');

-- --------------------------------------------------------

--
-- Table structure for table `secret_word_master`
--

CREATE TABLE `secret_word_master` (
  `word_id` int(11) NOT NULL,
  `word_text` varchar(255) NOT NULL,
  `created_date` datetime NOT NULL DEFAULT CURRENT_TIMESTAMP,
  `updated_date` datetime NOT NULL DEFAULT CURRENT_TIMESTAMP ON UPDATE CURRENT_TIMESTAMP
) ENGINE=InnoDB DEFAULT CHARSET=utf8;

--
-- Dumping data for table `secret_word_master`
--

INSERT INTO `secret_word_master` (`word_id`, `word_text`, `created_date`, `updated_date`) VALUES
(1, 'Ability', '2021-06-12 08:51:20', '2021-06-12 08:51:20'),
(2, 'Midnight', '2021-06-12 08:51:27', '2021-06-12 08:51:27'),
(3, 'Abstract', '2021-06-12 08:51:36', '2021-06-12 08:51:36'),
(4, 'Negative', '2021-06-12 08:51:42', '2021-06-12 08:51:42'),
(5, 'Opinion', '2021-06-12 08:51:49', '2021-06-12 08:51:49'),
(6, 'Comfort', '2021-06-12 08:52:00', '2021-06-12 08:52:00'),
(7, 'Pepper', '2021-06-12 08:52:11', '2021-06-12 08:52:11'),
(8, 'Enemy', '2021-06-12 08:52:20', '2021-06-12 08:52:20'),
(9, 'Remember', '2021-06-12 08:52:27', '2021-06-12 08:52:27'),
(10, 'Harvest', '2021-06-12 08:52:32', '2021-06-12 08:52:32'),
(11, 'Romance', '2021-06-12 08:52:41', '2021-06-12 08:52:41'),
(12, 'Car', '2021-06-12 08:52:45', '2021-06-12 08:52:45'),
(13, 'Cat', '2021-06-12 08:52:48', '2021-06-12 08:52:48'),
(14, 'Coconut', '2021-06-12 08:53:03', '2021-06-12 08:53:03'),
(15, 'Care', '2021-06-12 08:53:10', '2021-06-12 08:53:10'),
(16, 'Romania', '2021-06-12 08:53:33', '2021-06-12 08:53:33'),
(17, 'Run', '2021-06-12 08:53:37', '2021-06-12 08:53:37'),
(18, 'Cold', '2021-06-12 08:53:45', '2021-06-12 08:53:45'),
(19, 'Race', '2021-06-12 08:53:49', '2021-06-12 08:53:49'),
(20, 'Gold', '2021-06-12 08:53:55', '2021-06-12 08:53:55'),
(21, 'Nice', '2021-06-12 08:54:01', '2021-06-12 08:54:01');

-- --------------------------------------------------------

--
-- Table structure for table `user_contact_list_master`
--

CREATE TABLE `user_contact_list_master` (
  `contact_id` int(11) NOT NULL,
  `givenName` varchar(255) NOT NULL,
  `familyName` varchar(255) NOT NULL,
  `organizationName` varchar(255) NOT NULL,
  `jobTitle` varchar(255) NOT NULL,
  `birthday` varchar(150) NOT NULL,
  `user_id` int(11) NOT NULL,
  `created_date` datetime NOT NULL DEFAULT CURRENT_TIMESTAMP,
  `updated_date` datetime NOT NULL DEFAULT CURRENT_TIMESTAMP ON UPDATE CURRENT_TIMESTAMP
) ENGINE=InnoDB DEFAULT CHARSET=utf8;

--
-- Dumping data for table `user_contact_list_master`
--

INSERT INTO `user_contact_list_master` (`contact_id`, `givenName`, `familyName`, `organizationName`, `jobTitle`, `birthday`, `user_id`, `created_date`, `updated_date`) VALUES
(1, 'Kate', 'Bell', 'Creative Consulting', 'Producer', '', 1, '2021-07-13 16:00:57', '2021-07-13 16:03:43'),
(2, 'Daniel', 'Higgins', '', '', '', 1, '2021-07-13 16:00:57', '2021-07-13 16:03:43'),
(3, 'John', 'Appleseed', '', '', '', 1, '2021-07-13 16:00:57', '2021-07-13 16:03:43'),
(4, 'Anna', 'Haro', '', '', '', 1, '2021-07-13 16:00:57', '2021-07-13 16:03:43'),
(5, 'Hank', 'Zakroff', 'Financial Services Inc.', 'Portfolio Manager', '', 1, '2021-07-13 16:00:57', '2021-07-13 16:03:43'),
(6, 'David', 'Taylor', '', '', '', 1, '2021-07-13 16:00:57', '2021-07-13 16:03:43');

-- --------------------------------------------------------

--
-- Table structure for table `user_favorite_master`
--

CREATE TABLE `user_favorite_master` (
  `id` int(11) NOT NULL,
  `user_id` int(11) NOT NULL,
  `favorite_user_id` int(11) NOT NULL,
  `created_date` datetime NOT NULL DEFAULT CURRENT_TIMESTAMP,
  `updated_date` datetime NOT NULL DEFAULT CURRENT_TIMESTAMP
) ENGINE=InnoDB DEFAULT CHARSET=utf8mb4;

--
-- Dumping data for table `user_favorite_master`
--

INSERT INTO `user_favorite_master` (`id`, `user_id`, `favorite_user_id`, `created_date`, `updated_date`) VALUES
(8, 1, 3, '2021-07-01 12:58:24', '2021-07-01 12:58:24'),
(10, 36, 1, '2021-07-02 08:34:35', '2021-07-02 08:34:35'),
(11, 37, 1, '2021-07-02 12:52:20', '2021-07-02 12:52:20'),
(12, 37, 3, '2021-07-02 12:52:24', '2021-07-02 12:52:24'),
(16, 39, 26, '2021-07-03 10:56:18', '2021-07-03 10:56:18'),
(19, 38, 1, '2021-07-05 20:14:21', '2021-07-05 20:14:21'),
(20, 30, 3, '2021-07-06 06:15:28', '2021-07-06 06:15:28');

-- --------------------------------------------------------

--
-- Table structure for table `user_master`
--

CREATE TABLE `user_master` (
  `user_id` int(11) NOT NULL,
  `name` varchar(100) CHARACTER SET utf8 NOT NULL,
  `profile` varchar(150) CHARACTER SET utf8 NOT NULL,
  `phone` varchar(25) NOT NULL,
  `word_ids` varchar(255) NOT NULL,
  `points` double NOT NULL,
  `device_token` text NOT NULL,
  `device_type` enum('android','iOS') NOT NULL,
  `created_date` datetime NOT NULL DEFAULT CURRENT_TIMESTAMP,
  `updated_date` datetime NOT NULL DEFAULT CURRENT_TIMESTAMP ON UPDATE CURRENT_TIMESTAMP
) ENGINE=InnoDB DEFAULT CHARSET=latin1;

--
-- Dumping data for table `user_master`
--

INSERT INTO `user_master` (`user_id`, `name`, `profile`, `phone`, `word_ids`, `points`, `device_token`, `device_type`, `created_date`, `updated_date`) VALUES
(1, 'Mayur malani', '', '', '1,3,5,2,4,6,7,8,9,11,10,12', 25, '', '', '2021-06-12 09:09:23', '2021-07-01 04:28:23'),
(2, 'Megha zafadiya', '', '', '12,1,5,2,4,6,7,8,9,11,3,10', 0, '38676AF7-8B8E-4F5D-B129-A6FD74682EAA', 'iOS', '2021-06-12 09:38:42', '2021-07-01 04:28:31'),
(3, 'Bipin Dobariya', '', '', '12,1,5,2,4,6,7,8,9,11,3,10', 0, '', '', '2021-06-16 17:49:29', '2021-07-01 04:28:53'),
(4, 'sagar vekariya', '', '', '2,20,5,7,17,11,6,3,4,19,12,9', 0, '03D68359-6759-49DD-81FB-AC4E8A29DC11', 'iOS', '2021-06-17 09:40:00', '2021-07-01 04:42:26'),
(5, 'Trupesh vaghasiya ', '', '', '12,1,5,2,4,6,7,8,9,11,3,10', 0, '', '', '2021-06-17 09:41:34', '2021-07-01 04:42:42'),
(6, 'vishal dobariya', '', '', '12,1,5,2,4,6,7,8,9,11,3,10', 0, '', '', '2021-06-17 09:44:14', '2021-07-01 04:42:51'),
(7, 'nital patel', '', '', '12,1,5,2,4,6,7,8,9,11,3,10', 0, '', '', '2021-06-17 09:44:35', '2021-07-01 04:43:03'),
(8, 'mit viththani', '', '', '12,1,5,2,4,6,7,8,9,11,3,10', 0, '', '', '2021-06-17 09:46:12', '2021-07-01 04:43:23'),
(9, 'darshak godhani', '', '', '3,8,17,6,15,13,19,11,12,16,10,4', 0, '03D68359-6759-49DD-81FB-AC4E8A29DC11', 'iOS', '2021-06-17 10:21:16', '2021-07-01 04:47:14'),
(10, 'bansi savaliya', '', '', '19,18,17,8,15,6,14,9,3,16,5,10', 0, '03D68359-6759-49DD-81FB-AC4E8A29DC11', 'iOS', '2021-06-17 10:40:24', '2021-07-01 05:01:48'),
(11, 'nikel gohil', '', '', '16,13,15,10,7,3,20,18,11,9,5,4', 0, '03D68359-6759-49DD-81FB-AC4E8A29DC11', 'iOS', '2021-06-17 10:58:55', '2021-07-01 05:01:58'),
(12, 'rinakal zalavadiya', '', '', '20,13,21,12,11,19,3,14,1,8,7,15', 0, '03D68359-6759-49DD-81FB-AC4E8A29DC11', 'iOS', '2021-06-17 11:28:47', '2021-07-01 05:02:23'),
(13, 'Sumit Savaliya', '', '', '1,3,19,9,21,18,8,16,12,20,14,10', 0, 'A91CBD98-A566-4932-8A69-F688AB50B1C4', 'iOS', '2021-06-17 14:02:57', '2021-07-01 05:03:15'),
(14, 'Usha Kotadiya	', '', '', '21,7,12,16,10,2,14,20,8,9,11,15', 0, 'A91CBD98-A566-4932-8A69-F688AB50B1C4', 'iOS', '2021-06-17 14:07:41', '2021-07-01 05:03:22'),
(15, 'Goral Zalavadiya', '', '', '14,7,1,12,10,21,8,20,4,2,18,13', 0, 'A91CBD98-A566-4932-8A69-F688AB50B1C4', 'iOS', '2021-06-17 14:08:28', '2021-07-01 05:03:39'),
(16, 'Janak Dhudhat	', '', '', '13,17,6,2,10,4,20,7,11,12,1,18', 0, 'A91CBD98-A566-4932-8A69-F688AB50B1C4', 'iOS', '2021-06-17 14:12:38', '2021-07-01 05:03:52'),
(17, 'Ghanshyam Pathar', '', '', '19,6,1,5,12,13,20,8,21,16,15,9', 0, '45236E4D-5584-419D-9460-B8487C9D5522', 'iOS', '2021-06-18 15:50:01', '2021-07-01 05:04:14'),
(18, 'Ami Dudhat', '', '', '15,12,16,9,11,17,1,2,14,4,21,10', 0, 'A14F6B55-63D4-4B7D-9EE6-C6654B4DA8E8', 'iOS', '2021-06-24 17:35:14', '2021-07-01 05:04:18'),
(19, 'Sagar Unagar', '', '', '12,1,5,2,4,6,7,8,9,11,3,10', 0, '', '', '2021-06-24 17:46:43', '2021-07-01 05:04:33'),
(20, 'Brijali Zalavadiya', '', '', '12,1,5,2,4,6,7,8,9,11,3,10', 0, '', '', '2021-06-25 09:17:15', '2021-07-01 05:04:53'),
(21, 'Ezaz Pathan', '', '', '18,1,4,20,12,3,2,14,21,15,10,19', 0, 'D6A5F035-9E57-4BE0-A117-D191C153A041', 'iOS', '2021-06-26 12:30:40', '2021-07-01 05:05:06'),
(22, 'Komal Goyani', '', '', '19,3,21,10,5,8,4,14,2,12,15,17', 0, '58FCFC44-8B3B-4502-9F07-B32F3D55CBD9', 'iOS', '2021-06-26 14:47:20', '2021-07-01 05:05:19'),
(23, 'Shela Barber', '', '', '2,9,4,15,16,14,20,7,11,5,18,13', 0, '93ED0A46-25C1-4542-9450-525AEFFCA701', 'iOS', '2021-06-26 14:53:21', '2021-07-01 05:06:43'),
(24, 'Leona Stenner\r\n', '', '', '12,4,5,3,21,2,16,1,6,14,19,15', 0, '5949EB7F-9FB2-40A4-83B6-3422A2B56B6F', 'iOS', '2021-06-28 10:29:14', '2021-07-01 05:06:59'),
(25, 'Myrilla Dimnage\r\n', '', '', '12,1,5,2,4,6,7,8,9,11,3,10', 0, '', '', '2021-06-28 10:36:28', '2021-07-01 05:07:05'),
(26, 'Marcelia Chill', '', '', '5,8,16,15,20,7,17,10,3,19,12,14', -1, 'AB7DB194-19DD-4F7C-B191-290EAE0BFCD5', 'iOS', '2021-06-28 14:10:25', '2021-07-01 05:07:16'),
(27, 'Alta Martinovic', '', '', '7,20,8,3,18,1,9,2,6,11,16,10', 0, 'AC677068-97F8-435E-BD9B-29D21CAC6D84', 'iOS', '2021-06-28 14:22:09', '2021-07-01 05:07:21'),
(28, 'Alta Martinovic', '', '', '17,8,16,7,11,10,19,13,21,12,15,3', -1, '408D41BC-9301-43C4-8FF4-C0947A238F2C', 'iOS', '2021-06-28 16:56:11', '2021-07-01 05:07:28'),
(29, 'Klement Beverstock', '', '', '13,8,1,10,12,20,11,2,17,16,21,9', 0, '5699CD01-D9F6-4045-9218-8F612F5B50C3', 'iOS', '2021-06-29 17:15:33', '2021-07-01 05:07:35'),
(30, 'Hy Paddeley', '', '', '1,12,11,19,13,21,15,18,6,8,9,5', -21, 'AA96B232-1772-4427-9357-1E16B1B7B9B2', 'iOS', '2021-06-29 17:21:28', '2021-07-06 09:35:12'),
(31, 'Missy Scading', '', '', '9,21,14,12,5,17,8,6,11,13,10,19', 0, '5FAF7841-6CAD-4845-A76E-493FE075F6C7', 'iOS', '2021-06-30 10:20:24', '2021-07-01 05:07:47'),
(32, 'Budd Keeney', '', '', '21,5,8,20,3,16,12,4,2,17,11,9', 0, 'CB78F4BF-37D6-4836-81EC-B33FB4DBF586', 'iOS', '2021-06-30 10:52:40', '2021-07-01 05:07:59'),
(33, 'Cassondra Hefferan', '', '', '10,13,1,2,8,11,17,9,5,16,21,4', 0, 'CFC0E6FC-E7B4-4BBC-9227-3FDA491D1869', 'iOS', '2021-06-30 12:18:13', '2021-07-01 05:08:06'),
(34, 'Dwayne Aucoate', '', '', '21,3,1,18,11,13,20,19,6,5,2,9', 0, '3ED44427-2DD8-4989-8862-9AE9A75D6771', 'iOS', '2021-06-30 12:57:22', '2021-07-01 05:08:11'),
(35, 'Lanni Gorry', '', '', '9,4,14,6,21,1,17,8,10,16,3,13', 0, '48EE41C0-C8B0-4545-84C7-A72BAA1FBA9A', 'iOS', '2021-06-30 13:42:37', '2021-07-01 05:08:15'),
(36, '', '', '', '21,16,6,15,4,5,14,12,9,8,17,3', 0, '677EEC8C-4893-4085-AA2E-C2DCCC5D1FBF', 'iOS', '2021-07-01 14:27:26', '2021-07-01 14:27:26'),
(37, '', '', '', '17,2,6,12,10,18,3,4,1,8,19,9', 0, '0501A3D2-09E4-4D7B-97D7-4551A6235392', 'iOS', '2021-07-02 18:03:48', '2021-07-02 18:03:48'),
(38, '', '', '', '15,1,11,8,10,12,4,5,2,21,14,19', -26, '6A8F4AD7-DDB6-495A-B941-2464C5152D7F', 'iOS', '2021-07-03 15:03:39', '2021-07-03 09:35:05'),
(39, '', '', '', '7,13,2,20,17,3,14,21,4,15,16,6', 0, 'E01767F9-EDEF-42FA-9B3C-2488A03115B6', 'iOS', '2021-07-03 15:24:49', '2021-07-03 15:24:49');

-- --------------------------------------------------------

--
-- Table structure for table `user_secret_word_master`
--

CREATE TABLE `user_secret_word_master` (
  `usw_id` int(11) NOT NULL,
  `word_id` int(11) NOT NULL,
  `user_id` int(11) NOT NULL,
  `created_date` datetime NOT NULL DEFAULT CURRENT_TIMESTAMP,
  `updated_date` datetime NOT NULL DEFAULT CURRENT_TIMESTAMP ON UPDATE CURRENT_TIMESTAMP
) ENGINE=InnoDB DEFAULT CHARSET=utf8;

--
-- Dumping data for table `user_secret_word_master`
--

INSERT INTO `user_secret_word_master` (`usw_id`, `word_id`, `user_id`, `created_date`, `updated_date`) VALUES
(1, 1, 1, '2021-06-12 09:09:23', '2021-06-12 09:09:23'),
(2, 3, 1, '2021-06-12 09:09:23', '2021-06-12 09:09:23'),
(3, 5, 1, '2021-06-12 09:09:23', '2021-06-12 09:09:23'),
(4, 2, 1, '2021-06-12 09:09:23', '2021-06-12 09:09:23'),
(5, 4, 1, '2021-06-12 09:09:23', '2021-06-12 09:09:23'),
(6, 6, 1, '2021-06-12 09:09:23', '2021-06-12 09:09:23'),
(7, 7, 1, '2021-06-12 09:09:23', '2021-06-12 09:09:23'),
(8, 8, 1, '2021-06-12 09:09:23', '2021-06-12 09:09:23'),
(9, 9, 1, '2021-06-12 09:09:23', '2021-06-12 09:09:23'),
(10, 11, 1, '2021-06-12 09:09:23', '2021-06-12 09:09:23'),
(11, 10, 1, '2021-06-12 09:09:23', '2021-06-12 09:09:23'),
(12, 12, 1, '2021-06-12 09:09:23', '2021-06-12 09:09:23'),
(13, 12, 2, '2021-06-12 09:38:42', '2021-06-12 09:38:42'),
(14, 1, 2, '2021-06-12 09:38:42', '2021-06-12 09:38:42'),
(15, 5, 2, '2021-06-12 09:38:42', '2021-06-12 09:38:42'),
(16, 2, 2, '2021-06-12 09:38:42', '2021-06-12 09:38:42'),
(17, 4, 2, '2021-06-12 09:38:42', '2021-06-12 09:38:42'),
(18, 6, 2, '2021-06-12 09:38:42', '2021-06-12 09:38:42'),
(19, 7, 2, '2021-06-12 09:38:42', '2021-06-12 09:38:42'),
(20, 8, 2, '2021-06-12 09:38:42', '2021-06-12 09:38:42'),
(21, 9, 2, '2021-06-12 09:38:42', '2021-06-12 09:38:42'),
(22, 11, 2, '2021-06-12 09:38:42', '2021-06-12 09:38:42'),
(23, 3, 2, '2021-06-12 09:38:42', '2021-06-12 09:38:42'),
(24, 10, 2, '2021-06-12 09:38:42', '2021-06-12 09:38:42'),
(25, 12, 3, '2021-06-16 17:49:29', '2021-06-16 17:49:29'),
(26, 1, 3, '2021-06-16 17:49:29', '2021-06-16 17:49:29'),
(27, 5, 3, '2021-06-16 17:49:29', '2021-06-16 17:49:29'),
(28, 2, 3, '2021-06-16 17:49:29', '2021-06-16 17:49:29'),
(29, 4, 3, '2021-06-16 17:49:29', '2021-06-16 17:49:29'),
(30, 6, 3, '2021-06-16 17:49:29', '2021-06-16 17:49:29'),
(31, 7, 3, '2021-06-16 17:49:29', '2021-06-16 17:49:29'),
(32, 8, 3, '2021-06-16 17:49:29', '2021-06-16 17:49:29'),
(33, 9, 3, '2021-06-16 17:49:29', '2021-06-16 17:49:29'),
(34, 11, 3, '2021-06-16 17:49:29', '2021-06-16 17:49:29'),
(35, 3, 3, '2021-06-16 17:49:29', '2021-06-16 17:49:29'),
(36, 10, 3, '2021-06-16 17:49:29', '2021-06-16 17:49:29'),
(37, 2, 4, '2021-06-17 09:40:00', '2021-06-17 09:40:00'),
(38, 20, 4, '2021-06-17 09:40:00', '2021-06-17 09:40:00'),
(39, 5, 4, '2021-06-17 09:40:00', '2021-06-17 09:40:00'),
(40, 7, 4, '2021-06-17 09:40:00', '2021-06-17 09:40:00'),
(41, 17, 4, '2021-06-17 09:40:00', '2021-06-17 09:40:00'),
(42, 11, 4, '2021-06-17 09:40:00', '2021-06-17 09:40:00'),
(43, 6, 4, '2021-06-17 09:40:00', '2021-06-17 09:40:00'),
(44, 3, 4, '2021-06-17 09:40:00', '2021-06-17 09:40:00'),
(45, 4, 4, '2021-06-17 09:40:00', '2021-06-17 09:40:00'),
(46, 19, 4, '2021-06-17 09:40:00', '2021-06-17 09:40:00'),
(47, 12, 4, '2021-06-17 09:40:00', '2021-06-17 09:40:00'),
(48, 9, 4, '2021-06-17 09:40:00', '2021-06-17 09:40:00'),
(49, 12, 5, '2021-06-17 09:41:34', '2021-06-17 09:41:34'),
(50, 1, 5, '2021-06-17 09:41:34', '2021-06-17 09:41:34'),
(51, 5, 5, '2021-06-17 09:41:34', '2021-06-17 09:41:34'),
(52, 2, 5, '2021-06-17 09:41:34', '2021-06-17 09:41:34'),
(53, 4, 5, '2021-06-17 09:41:34', '2021-06-17 09:41:34'),
(54, 6, 5, '2021-06-17 09:41:34', '2021-06-17 09:41:34'),
(55, 7, 5, '2021-06-17 09:41:34', '2021-06-17 09:41:34'),
(56, 8, 5, '2021-06-17 09:41:34', '2021-06-17 09:41:34'),
(57, 9, 5, '2021-06-17 09:41:34', '2021-06-17 09:41:34'),
(58, 11, 5, '2021-06-17 09:41:34', '2021-06-17 09:41:34'),
(59, 3, 5, '2021-06-17 09:41:34', '2021-06-17 09:41:34'),
(60, 10, 5, '2021-06-17 09:41:34', '2021-06-17 09:41:34'),
(61, 12, 6, '2021-06-17 09:44:14', '2021-06-17 09:44:14'),
(62, 1, 6, '2021-06-17 09:44:14', '2021-06-17 09:44:14'),
(63, 5, 6, '2021-06-17 09:44:14', '2021-06-17 09:44:14'),
(64, 2, 6, '2021-06-17 09:44:14', '2021-06-17 09:44:14'),
(65, 4, 6, '2021-06-17 09:44:14', '2021-06-17 09:44:14'),
(66, 6, 6, '2021-06-17 09:44:14', '2021-06-17 09:44:14'),
(67, 7, 6, '2021-06-17 09:44:14', '2021-06-17 09:44:14'),
(68, 8, 6, '2021-06-17 09:44:14', '2021-06-17 09:44:14'),
(69, 9, 6, '2021-06-17 09:44:14', '2021-06-17 09:44:14'),
(70, 11, 6, '2021-06-17 09:44:14', '2021-06-17 09:44:14'),
(71, 3, 6, '2021-06-17 09:44:14', '2021-06-17 09:44:14'),
(72, 10, 6, '2021-06-17 09:44:14', '2021-06-17 09:44:14'),
(73, 12, 7, '2021-06-17 09:44:35', '2021-06-17 09:44:35'),
(74, 1, 7, '2021-06-17 09:44:35', '2021-06-17 09:44:35'),
(75, 5, 7, '2021-06-17 09:44:35', '2021-06-17 09:44:35'),
(76, 2, 7, '2021-06-17 09:44:35', '2021-06-17 09:44:35'),
(77, 4, 7, '2021-06-17 09:44:35', '2021-06-17 09:44:35'),
(78, 6, 7, '2021-06-17 09:44:35', '2021-06-17 09:44:35'),
(79, 7, 7, '2021-06-17 09:44:35', '2021-06-17 09:44:35'),
(80, 8, 7, '2021-06-17 09:44:35', '2021-06-17 09:44:35'),
(81, 9, 7, '2021-06-17 09:44:35', '2021-06-17 09:44:35'),
(82, 11, 7, '2021-06-17 09:44:35', '2021-06-17 09:44:35'),
(83, 3, 7, '2021-06-17 09:44:35', '2021-06-17 09:44:35'),
(84, 10, 7, '2021-06-17 09:44:35', '2021-06-17 09:44:35'),
(85, 12, 8, '2021-06-17 09:46:12', '2021-06-17 09:46:12'),
(86, 1, 8, '2021-06-17 09:46:12', '2021-06-17 09:46:12'),
(87, 5, 8, '2021-06-17 09:46:12', '2021-06-17 09:46:12'),
(88, 2, 8, '2021-06-17 09:46:12', '2021-06-17 09:46:12'),
(89, 4, 8, '2021-06-17 09:46:12', '2021-06-17 09:46:12'),
(90, 6, 8, '2021-06-17 09:46:12', '2021-06-17 09:46:12'),
(91, 7, 8, '2021-06-17 09:46:12', '2021-06-17 09:46:12'),
(92, 8, 8, '2021-06-17 09:46:12', '2021-06-17 09:46:12'),
(93, 9, 8, '2021-06-17 09:46:12', '2021-06-17 09:46:12'),
(94, 11, 8, '2021-06-17 09:46:12', '2021-06-17 09:46:12'),
(95, 3, 8, '2021-06-17 09:46:12', '2021-06-17 09:46:12'),
(96, 10, 8, '2021-06-17 09:46:12', '2021-06-17 09:46:12'),
(97, 3, 9, '2021-06-17 10:21:16', '2021-06-17 10:21:16'),
(98, 8, 9, '2021-06-17 10:21:16', '2021-06-17 10:21:16'),
(99, 17, 9, '2021-06-17 10:21:16', '2021-06-17 10:21:16'),
(100, 6, 9, '2021-06-17 10:21:16', '2021-06-17 10:21:16'),
(101, 15, 9, '2021-06-17 10:21:16', '2021-06-17 10:21:16'),
(102, 13, 9, '2021-06-17 10:21:16', '2021-06-17 10:21:16'),
(103, 19, 9, '2021-06-17 10:21:16', '2021-06-17 10:21:16'),
(104, 11, 9, '2021-06-17 10:21:16', '2021-06-17 10:21:16'),
(105, 12, 9, '2021-06-17 10:21:16', '2021-06-17 10:21:16'),
(106, 16, 9, '2021-06-17 10:21:16', '2021-06-17 10:21:16'),
(107, 10, 9, '2021-06-17 10:21:16', '2021-06-17 10:21:16'),
(108, 4, 9, '2021-06-17 10:21:16', '2021-06-17 10:21:16'),
(109, 19, 10, '2021-06-17 10:40:24', '2021-06-17 10:40:24'),
(110, 18, 10, '2021-06-17 10:40:24', '2021-06-17 10:40:24'),
(111, 17, 10, '2021-06-17 10:40:24', '2021-06-17 10:40:24'),
(112, 8, 10, '2021-06-17 10:40:24', '2021-06-17 10:40:24'),
(113, 15, 10, '2021-06-17 10:40:24', '2021-06-17 10:40:24'),
(114, 6, 10, '2021-06-17 10:40:24', '2021-06-17 10:40:24'),
(115, 14, 10, '2021-06-17 10:40:24', '2021-06-17 10:40:24'),
(116, 9, 10, '2021-06-17 10:40:24', '2021-06-17 10:40:24'),
(117, 3, 10, '2021-06-17 10:40:24', '2021-06-17 10:40:24'),
(118, 16, 10, '2021-06-17 10:40:24', '2021-06-17 10:40:24'),
(119, 5, 10, '2021-06-17 10:40:24', '2021-06-17 10:40:24'),
(120, 10, 10, '2021-06-17 10:40:24', '2021-06-17 10:40:24'),
(121, 16, 11, '2021-06-17 10:58:55', '2021-06-17 10:58:55'),
(122, 13, 11, '2021-06-17 10:58:55', '2021-06-17 10:58:55'),
(123, 15, 11, '2021-06-17 10:58:55', '2021-06-17 10:58:55'),
(124, 10, 11, '2021-06-17 10:58:55', '2021-06-17 10:58:55'),
(125, 7, 11, '2021-06-17 10:58:55', '2021-06-17 10:58:55'),
(126, 3, 11, '2021-06-17 10:58:55', '2021-06-17 10:58:55'),
(127, 20, 11, '2021-06-17 10:58:55', '2021-06-17 10:58:55'),
(128, 18, 11, '2021-06-17 10:58:55', '2021-06-17 10:58:55'),
(129, 11, 11, '2021-06-17 10:58:55', '2021-06-17 10:58:55'),
(130, 9, 11, '2021-06-17 10:58:55', '2021-06-17 10:58:55'),
(131, 5, 11, '2021-06-17 10:58:55', '2021-06-17 10:58:55'),
(132, 4, 11, '2021-06-17 10:58:55', '2021-06-17 10:58:55'),
(133, 20, 12, '2021-06-17 11:28:47', '2021-06-17 11:28:47'),
(134, 13, 12, '2021-06-17 11:28:47', '2021-06-17 11:28:47'),
(135, 21, 12, '2021-06-17 11:28:47', '2021-06-17 11:28:47'),
(136, 12, 12, '2021-06-17 11:28:47', '2021-06-17 11:28:47'),
(137, 11, 12, '2021-06-17 11:28:47', '2021-06-17 11:28:47'),
(138, 19, 12, '2021-06-17 11:28:47', '2021-06-17 11:28:47'),
(139, 3, 12, '2021-06-17 11:28:47', '2021-06-17 11:28:47'),
(140, 14, 12, '2021-06-17 11:28:47', '2021-06-17 11:28:47'),
(141, 1, 12, '2021-06-17 11:28:47', '2021-06-17 11:28:47'),
(142, 8, 12, '2021-06-17 11:28:47', '2021-06-17 11:28:47'),
(143, 7, 12, '2021-06-17 11:28:47', '2021-06-17 11:28:47'),
(144, 15, 12, '2021-06-17 11:28:47', '2021-06-17 11:28:47'),
(145, 1, 13, '2021-06-17 14:02:57', '2021-06-17 14:02:57'),
(146, 3, 13, '2021-06-17 14:02:57', '2021-06-17 14:02:57'),
(147, 19, 13, '2021-06-17 14:02:57', '2021-06-17 14:02:57'),
(148, 9, 13, '2021-06-17 14:02:57', '2021-06-17 14:02:57'),
(149, 21, 13, '2021-06-17 14:02:57', '2021-06-17 14:02:57'),
(150, 18, 13, '2021-06-17 14:02:57', '2021-06-17 14:02:57'),
(151, 8, 13, '2021-06-17 14:02:57', '2021-06-17 14:02:57'),
(152, 16, 13, '2021-06-17 14:02:57', '2021-06-17 14:02:57'),
(153, 12, 13, '2021-06-17 14:02:57', '2021-06-17 14:02:57'),
(154, 20, 13, '2021-06-17 14:02:57', '2021-06-17 14:02:57'),
(155, 14, 13, '2021-06-17 14:02:57', '2021-06-17 14:02:57'),
(156, 10, 13, '2021-06-17 14:02:57', '2021-06-17 14:02:57'),
(157, 21, 14, '2021-06-17 14:07:41', '2021-06-17 14:07:41'),
(158, 7, 14, '2021-06-17 14:07:41', '2021-06-17 14:07:41'),
(159, 12, 14, '2021-06-17 14:07:41', '2021-06-17 14:07:41'),
(160, 16, 14, '2021-06-17 14:07:41', '2021-06-17 14:07:41'),
(161, 10, 14, '2021-06-17 14:07:41', '2021-06-17 14:07:41'),
(162, 2, 14, '2021-06-17 14:07:41', '2021-06-17 14:07:41'),
(163, 14, 14, '2021-06-17 14:07:41', '2021-06-17 14:07:41'),
(164, 20, 14, '2021-06-17 14:07:41', '2021-06-17 14:07:41'),
(165, 8, 14, '2021-06-17 14:07:41', '2021-06-17 14:07:41'),
(166, 9, 14, '2021-06-17 14:07:41', '2021-06-17 14:07:41'),
(167, 11, 14, '2021-06-17 14:07:41', '2021-06-17 14:07:41'),
(168, 15, 14, '2021-06-17 14:07:41', '2021-06-17 14:07:41'),
(169, 14, 15, '2021-06-17 14:08:28', '2021-06-17 14:08:28'),
(170, 7, 15, '2021-06-17 14:08:28', '2021-06-17 14:08:28'),
(171, 1, 15, '2021-06-17 14:08:28', '2021-06-17 14:08:28'),
(172, 12, 15, '2021-06-17 14:08:28', '2021-06-17 14:08:28'),
(173, 10, 15, '2021-06-17 14:08:28', '2021-06-17 14:08:28'),
(174, 21, 15, '2021-06-17 14:08:28', '2021-06-17 14:08:28'),
(175, 8, 15, '2021-06-17 14:08:28', '2021-06-17 14:08:28'),
(176, 20, 15, '2021-06-17 14:08:28', '2021-06-17 14:08:28'),
(177, 4, 15, '2021-06-17 14:08:28', '2021-06-17 14:08:28'),
(178, 2, 15, '2021-06-17 14:08:28', '2021-06-17 14:08:28'),
(179, 18, 15, '2021-06-17 14:08:28', '2021-06-17 14:08:28'),
(180, 13, 15, '2021-06-17 14:08:28', '2021-06-17 14:08:28'),
(181, 13, 16, '2021-06-17 14:12:38', '2021-06-17 14:12:38'),
(182, 17, 16, '2021-06-17 14:12:38', '2021-06-17 14:12:38'),
(183, 6, 16, '2021-06-17 14:12:38', '2021-06-17 14:12:38'),
(184, 2, 16, '2021-06-17 14:12:38', '2021-06-17 14:12:38'),
(185, 10, 16, '2021-06-17 14:12:38', '2021-06-17 14:12:38'),
(186, 4, 16, '2021-06-17 14:12:38', '2021-06-17 14:12:38'),
(187, 20, 16, '2021-06-17 14:12:38', '2021-06-17 14:12:38'),
(188, 7, 16, '2021-06-17 14:12:38', '2021-06-17 14:12:38'),
(189, 11, 16, '2021-06-17 14:12:38', '2021-06-17 14:12:38'),
(190, 12, 16, '2021-06-17 14:12:38', '2021-06-17 14:12:38'),
(191, 1, 16, '2021-06-17 14:12:38', '2021-06-17 14:12:38'),
(192, 18, 16, '2021-06-17 14:12:38', '2021-06-17 14:12:38'),
(193, 19, 17, '2021-06-18 15:50:01', '2021-06-18 15:50:01'),
(194, 6, 17, '2021-06-18 15:50:01', '2021-06-18 15:50:01'),
(195, 1, 17, '2021-06-18 15:50:01', '2021-06-18 15:50:01'),
(196, 5, 17, '2021-06-18 15:50:01', '2021-06-18 15:50:01'),
(197, 12, 17, '2021-06-18 15:50:01', '2021-06-18 15:50:01'),
(198, 13, 17, '2021-06-18 15:50:01', '2021-06-18 15:50:01'),
(199, 20, 17, '2021-06-18 15:50:01', '2021-06-18 15:50:01'),
(200, 8, 17, '2021-06-18 15:50:01', '2021-06-18 15:50:01'),
(201, 21, 17, '2021-06-18 15:50:01', '2021-06-18 15:50:01'),
(202, 16, 17, '2021-06-18 15:50:01', '2021-06-18 15:50:01'),
(203, 15, 17, '2021-06-18 15:50:01', '2021-06-18 15:50:01'),
(204, 9, 17, '2021-06-18 15:50:01', '2021-06-18 15:50:01'),
(205, 15, 18, '2021-06-24 17:35:14', '2021-06-24 17:35:14'),
(206, 12, 18, '2021-06-24 17:35:14', '2021-06-24 17:35:14'),
(207, 16, 18, '2021-06-24 17:35:14', '2021-06-24 17:35:14'),
(208, 9, 18, '2021-06-24 17:35:14', '2021-06-24 17:35:14'),
(209, 11, 18, '2021-06-24 17:35:14', '2021-06-24 17:35:14'),
(210, 17, 18, '2021-06-24 17:35:14', '2021-06-24 17:35:14'),
(211, 1, 18, '2021-06-24 17:35:14', '2021-06-24 17:35:14'),
(212, 2, 18, '2021-06-24 17:35:14', '2021-06-24 17:35:14'),
(213, 14, 18, '2021-06-24 17:35:14', '2021-06-24 17:35:14'),
(214, 4, 18, '2021-06-24 17:35:14', '2021-06-24 17:35:14'),
(215, 21, 18, '2021-06-24 17:35:14', '2021-06-24 17:35:14'),
(216, 10, 18, '2021-06-24 17:35:14', '2021-06-24 17:35:14'),
(217, 12, 19, '2021-06-24 17:46:43', '2021-06-24 17:46:43'),
(218, 1, 19, '2021-06-24 17:46:43', '2021-06-24 17:46:43'),
(219, 5, 19, '2021-06-24 17:46:43', '2021-06-24 17:46:43'),
(220, 2, 19, '2021-06-24 17:46:43', '2021-06-24 17:46:43'),
(221, 4, 19, '2021-06-24 17:46:43', '2021-06-24 17:46:43'),
(222, 6, 19, '2021-06-24 17:46:43', '2021-06-24 17:46:43'),
(223, 7, 19, '2021-06-24 17:46:43', '2021-06-24 17:46:43'),
(224, 8, 19, '2021-06-24 17:46:43', '2021-06-24 17:46:43'),
(225, 9, 19, '2021-06-24 17:46:43', '2021-06-24 17:46:43'),
(226, 11, 19, '2021-06-24 17:46:43', '2021-06-24 17:46:43'),
(227, 3, 19, '2021-06-24 17:46:43', '2021-06-24 17:46:43'),
(228, 10, 19, '2021-06-24 17:46:43', '2021-06-24 17:46:43'),
(229, 12, 20, '2021-06-25 09:17:15', '2021-06-25 09:17:15'),
(230, 1, 20, '2021-06-25 09:17:15', '2021-06-25 09:17:15'),
(231, 5, 20, '2021-06-25 09:17:15', '2021-06-25 09:17:15'),
(232, 2, 20, '2021-06-25 09:17:15', '2021-06-25 09:17:15'),
(233, 4, 20, '2021-06-25 09:17:15', '2021-06-25 09:17:15'),
(234, 6, 20, '2021-06-25 09:17:15', '2021-06-25 09:17:15'),
(235, 7, 20, '2021-06-25 09:17:15', '2021-06-25 09:17:15'),
(236, 8, 20, '2021-06-25 09:17:15', '2021-06-25 09:17:15'),
(237, 9, 20, '2021-06-25 09:17:15', '2021-06-25 09:17:15'),
(238, 11, 20, '2021-06-25 09:17:15', '2021-06-25 09:17:15'),
(239, 3, 20, '2021-06-25 09:17:15', '2021-06-25 09:17:15'),
(240, 10, 20, '2021-06-25 09:17:15', '2021-06-25 09:17:15'),
(241, 18, 21, '2021-06-26 12:30:40', '2021-06-26 12:30:40'),
(242, 1, 21, '2021-06-26 12:30:40', '2021-06-26 12:30:40'),
(243, 4, 21, '2021-06-26 12:30:40', '2021-06-26 12:30:40'),
(244, 20, 21, '2021-06-26 12:30:40', '2021-06-26 12:30:40'),
(245, 12, 21, '2021-06-26 12:30:40', '2021-06-26 12:30:40'),
(246, 3, 21, '2021-06-26 12:30:40', '2021-06-26 12:30:40'),
(247, 2, 21, '2021-06-26 12:30:40', '2021-06-26 12:30:40'),
(248, 14, 21, '2021-06-26 12:30:40', '2021-06-26 12:30:40'),
(249, 21, 21, '2021-06-26 12:30:40', '2021-06-26 12:30:40'),
(250, 15, 21, '2021-06-26 12:30:40', '2021-06-26 12:30:40'),
(251, 10, 21, '2021-06-26 12:30:40', '2021-06-26 12:30:40'),
(252, 19, 21, '2021-06-26 12:30:40', '2021-06-26 12:30:40'),
(253, 19, 22, '2021-06-26 14:47:20', '2021-06-26 14:47:20'),
(254, 3, 22, '2021-06-26 14:47:20', '2021-06-26 14:47:20'),
(255, 21, 22, '2021-06-26 14:47:20', '2021-06-26 14:47:20'),
(256, 10, 22, '2021-06-26 14:47:20', '2021-06-26 14:47:20'),
(257, 5, 22, '2021-06-26 14:47:20', '2021-06-26 14:47:20'),
(258, 8, 22, '2021-06-26 14:47:20', '2021-06-26 14:47:20'),
(259, 4, 22, '2021-06-26 14:47:20', '2021-06-26 14:47:20'),
(260, 14, 22, '2021-06-26 14:47:20', '2021-06-26 14:47:20'),
(261, 2, 22, '2021-06-26 14:47:20', '2021-06-26 14:47:20'),
(262, 12, 22, '2021-06-26 14:47:20', '2021-06-26 14:47:20'),
(263, 15, 22, '2021-06-26 14:47:20', '2021-06-26 14:47:20'),
(264, 17, 22, '2021-06-26 14:47:20', '2021-06-26 14:47:20'),
(265, 2, 23, '2021-06-26 14:53:21', '2021-06-26 14:53:21'),
(266, 9, 23, '2021-06-26 14:53:21', '2021-06-26 14:53:21'),
(267, 4, 23, '2021-06-26 14:53:21', '2021-06-26 14:53:21'),
(268, 15, 23, '2021-06-26 14:53:21', '2021-06-26 14:53:21'),
(269, 16, 23, '2021-06-26 14:53:21', '2021-06-26 14:53:21'),
(270, 14, 23, '2021-06-26 14:53:21', '2021-06-26 14:53:21'),
(271, 20, 23, '2021-06-26 14:53:21', '2021-06-26 14:53:21'),
(272, 7, 23, '2021-06-26 14:53:21', '2021-06-26 14:53:21'),
(273, 11, 23, '2021-06-26 14:53:21', '2021-06-26 14:53:21'),
(274, 5, 23, '2021-06-26 14:53:21', '2021-06-26 14:53:21'),
(275, 18, 23, '2021-06-26 14:53:21', '2021-06-26 14:53:21'),
(276, 13, 23, '2021-06-26 14:53:21', '2021-06-26 14:53:21'),
(277, 12, 24, '2021-06-28 10:29:14', '2021-06-28 10:29:14'),
(278, 4, 24, '2021-06-28 10:29:14', '2021-06-28 10:29:14'),
(279, 5, 24, '2021-06-28 10:29:14', '2021-06-28 10:29:14'),
(280, 3, 24, '2021-06-28 10:29:14', '2021-06-28 10:29:14'),
(281, 21, 24, '2021-06-28 10:29:14', '2021-06-28 10:29:14'),
(282, 2, 24, '2021-06-28 10:29:14', '2021-06-28 10:29:14'),
(283, 16, 24, '2021-06-28 10:29:14', '2021-06-28 10:29:14'),
(284, 1, 24, '2021-06-28 10:29:14', '2021-06-28 10:29:14'),
(285, 6, 24, '2021-06-28 10:29:14', '2021-06-28 10:29:14'),
(286, 14, 24, '2021-06-28 10:29:14', '2021-06-28 10:29:14'),
(287, 19, 24, '2021-06-28 10:29:14', '2021-06-28 10:29:14'),
(288, 15, 24, '2021-06-28 10:29:14', '2021-06-28 10:29:14'),
(289, 12, 25, '2021-06-28 10:36:28', '2021-06-28 10:36:28'),
(290, 1, 25, '2021-06-28 10:36:28', '2021-06-28 10:36:28'),
(291, 5, 25, '2021-06-28 10:36:28', '2021-06-28 10:36:28'),
(292, 2, 25, '2021-06-28 10:36:28', '2021-06-28 10:36:28'),
(293, 4, 25, '2021-06-28 10:36:28', '2021-06-28 10:36:28'),
(294, 6, 25, '2021-06-28 10:36:28', '2021-06-28 10:36:28'),
(295, 7, 25, '2021-06-28 10:36:28', '2021-06-28 10:36:28'),
(296, 8, 25, '2021-06-28 10:36:28', '2021-06-28 10:36:28'),
(297, 9, 25, '2021-06-28 10:36:28', '2021-06-28 10:36:28'),
(298, 11, 25, '2021-06-28 10:36:28', '2021-06-28 10:36:28'),
(299, 3, 25, '2021-06-28 10:36:28', '2021-06-28 10:36:28'),
(300, 10, 25, '2021-06-28 10:36:28', '2021-06-28 10:36:28'),
(301, 5, 26, '2021-06-28 14:10:25', '2021-06-28 14:10:25'),
(302, 8, 26, '2021-06-28 14:10:25', '2021-06-28 14:10:25'),
(303, 16, 26, '2021-06-28 14:10:25', '2021-06-28 14:10:25'),
(304, 15, 26, '2021-06-28 14:10:25', '2021-06-28 14:10:25'),
(305, 20, 26, '2021-06-28 14:10:25', '2021-06-28 14:10:25'),
(306, 7, 26, '2021-06-28 14:10:25', '2021-06-28 14:10:25'),
(307, 17, 26, '2021-06-28 14:10:25', '2021-06-28 14:10:25'),
(308, 10, 26, '2021-06-28 14:10:25', '2021-06-28 14:10:25'),
(309, 3, 26, '2021-06-28 14:10:25', '2021-06-28 14:10:25'),
(310, 19, 26, '2021-06-28 14:10:25', '2021-06-28 14:10:25'),
(311, 12, 26, '2021-06-28 14:10:25', '2021-06-28 14:10:25'),
(312, 14, 26, '2021-06-28 14:10:25', '2021-06-28 14:10:25'),
(313, 7, 27, '2021-06-28 14:22:09', '2021-06-28 14:22:09'),
(314, 20, 27, '2021-06-28 14:22:09', '2021-06-28 14:22:09'),
(315, 8, 27, '2021-06-28 14:22:09', '2021-06-28 14:22:09'),
(316, 3, 27, '2021-06-28 14:22:09', '2021-06-28 14:22:09'),
(317, 18, 27, '2021-06-28 14:22:09', '2021-06-28 14:22:09'),
(318, 1, 27, '2021-06-28 14:22:09', '2021-06-28 14:22:09'),
(319, 9, 27, '2021-06-28 14:22:09', '2021-06-28 14:22:09'),
(320, 2, 27, '2021-06-28 14:22:09', '2021-06-28 14:22:09'),
(321, 6, 27, '2021-06-28 14:22:09', '2021-06-28 14:22:09'),
(322, 11, 27, '2021-06-28 14:22:09', '2021-06-28 14:22:09'),
(323, 16, 27, '2021-06-28 14:22:09', '2021-06-28 14:22:09'),
(324, 10, 27, '2021-06-28 14:22:09', '2021-06-28 14:22:09'),
(325, 17, 28, '2021-06-28 16:56:11', '2021-06-28 16:56:11'),
(326, 8, 28, '2021-06-28 16:56:11', '2021-06-28 16:56:11'),
(327, 16, 28, '2021-06-28 16:56:11', '2021-06-28 16:56:11'),
(328, 7, 28, '2021-06-28 16:56:11', '2021-06-28 16:56:11'),
(329, 11, 28, '2021-06-28 16:56:11', '2021-06-28 16:56:11'),
(330, 10, 28, '2021-06-28 16:56:11', '2021-06-28 16:56:11'),
(331, 19, 28, '2021-06-28 16:56:11', '2021-06-28 16:56:11'),
(332, 13, 28, '2021-06-28 16:56:11', '2021-06-28 16:56:11'),
(333, 21, 28, '2021-06-28 16:56:11', '2021-06-28 16:56:11'),
(334, 12, 28, '2021-06-28 16:56:11', '2021-06-28 16:56:11'),
(335, 15, 28, '2021-06-28 16:56:11', '2021-06-28 16:56:11'),
(336, 3, 28, '2021-06-28 16:56:11', '2021-06-28 16:56:11'),
(337, 13, 29, '2021-06-29 17:15:33', '2021-06-29 17:15:33'),
(338, 8, 29, '2021-06-29 17:15:33', '2021-06-29 17:15:33'),
(339, 1, 29, '2021-06-29 17:15:33', '2021-06-29 17:15:33'),
(340, 10, 29, '2021-06-29 17:15:33', '2021-06-29 17:15:33'),
(341, 12, 29, '2021-06-29 17:15:33', '2021-06-29 17:15:33'),
(342, 20, 29, '2021-06-29 17:15:33', '2021-06-29 17:15:33'),
(343, 11, 29, '2021-06-29 17:15:33', '2021-06-29 17:15:33'),
(344, 2, 29, '2021-06-29 17:15:33', '2021-06-29 17:15:33'),
(345, 17, 29, '2021-06-29 17:15:33', '2021-06-29 17:15:33'),
(346, 16, 29, '2021-06-29 17:15:33', '2021-06-29 17:15:33'),
(347, 21, 29, '2021-06-29 17:15:33', '2021-06-29 17:15:33'),
(348, 9, 29, '2021-06-29 17:15:33', '2021-06-29 17:15:33'),
(349, 1, 30, '2021-06-29 17:21:28', '2021-06-29 17:21:28'),
(350, 12, 30, '2021-06-29 17:21:28', '2021-06-29 17:21:28'),
(351, 11, 30, '2021-06-29 17:21:28', '2021-06-29 17:21:28'),
(352, 19, 30, '2021-06-29 17:21:28', '2021-06-29 17:21:28'),
(353, 13, 30, '2021-06-29 17:21:28', '2021-06-29 17:21:28'),
(354, 21, 30, '2021-06-29 17:21:28', '2021-06-29 17:21:28'),
(355, 15, 30, '2021-06-29 17:21:28', '2021-06-29 17:21:28'),
(356, 18, 30, '2021-06-29 17:21:28', '2021-06-29 17:21:28'),
(357, 6, 30, '2021-06-29 17:21:28', '2021-06-29 17:21:28'),
(358, 8, 30, '2021-06-29 17:21:28', '2021-06-29 17:21:28'),
(359, 9, 30, '2021-06-29 17:21:28', '2021-06-29 17:21:28'),
(360, 5, 30, '2021-06-29 17:21:28', '2021-06-29 17:21:28'),
(361, 9, 31, '2021-06-30 10:20:24', '2021-06-30 10:20:24'),
(362, 21, 31, '2021-06-30 10:20:24', '2021-06-30 10:20:24'),
(363, 14, 31, '2021-06-30 10:20:24', '2021-06-30 10:20:24'),
(364, 12, 31, '2021-06-30 10:20:24', '2021-06-30 10:20:24'),
(365, 5, 31, '2021-06-30 10:20:24', '2021-06-30 10:20:24'),
(366, 17, 31, '2021-06-30 10:20:24', '2021-06-30 10:20:24'),
(367, 8, 31, '2021-06-30 10:20:24', '2021-06-30 10:20:24'),
(368, 6, 31, '2021-06-30 10:20:24', '2021-06-30 10:20:24'),
(369, 11, 31, '2021-06-30 10:20:24', '2021-06-30 10:20:24'),
(370, 13, 31, '2021-06-30 10:20:24', '2021-06-30 10:20:24'),
(371, 10, 31, '2021-06-30 10:20:24', '2021-06-30 10:20:24'),
(372, 19, 31, '2021-06-30 10:20:24', '2021-06-30 10:20:24'),
(373, 21, 32, '2021-06-30 10:52:40', '2021-06-30 10:52:40'),
(374, 5, 32, '2021-06-30 10:52:40', '2021-06-30 10:52:40'),
(375, 8, 32, '2021-06-30 10:52:40', '2021-06-30 10:52:40'),
(376, 20, 32, '2021-06-30 10:52:40', '2021-06-30 10:52:40'),
(377, 3, 32, '2021-06-30 10:52:40', '2021-06-30 10:52:40'),
(378, 16, 32, '2021-06-30 10:52:40', '2021-06-30 10:52:40'),
(379, 12, 32, '2021-06-30 10:52:40', '2021-06-30 10:52:40'),
(380, 4, 32, '2021-06-30 10:52:40', '2021-06-30 10:52:40'),
(381, 2, 32, '2021-06-30 10:52:40', '2021-06-30 10:52:40'),
(382, 17, 32, '2021-06-30 10:52:40', '2021-06-30 10:52:40'),
(383, 11, 32, '2021-06-30 10:52:40', '2021-06-30 10:52:40'),
(384, 9, 32, '2021-06-30 10:52:40', '2021-06-30 10:52:40'),
(385, 10, 33, '2021-06-30 12:18:13', '2021-06-30 12:18:13'),
(386, 13, 33, '2021-06-30 12:18:13', '2021-06-30 12:18:13'),
(387, 1, 33, '2021-06-30 12:18:13', '2021-06-30 12:18:13'),
(388, 2, 33, '2021-06-30 12:18:13', '2021-06-30 12:18:13'),
(389, 8, 33, '2021-06-30 12:18:13', '2021-06-30 12:18:13'),
(390, 11, 33, '2021-06-30 12:18:13', '2021-06-30 12:18:13'),
(391, 17, 33, '2021-06-30 12:18:13', '2021-06-30 12:18:13'),
(392, 9, 33, '2021-06-30 12:18:13', '2021-06-30 12:18:13'),
(393, 5, 33, '2021-06-30 12:18:13', '2021-06-30 12:18:13'),
(394, 16, 33, '2021-06-30 12:18:13', '2021-06-30 12:18:13'),
(395, 21, 33, '2021-06-30 12:18:13', '2021-06-30 12:18:13'),
(396, 4, 33, '2021-06-30 12:18:13', '2021-06-30 12:18:13'),
(397, 21, 34, '2021-06-30 12:57:22', '2021-06-30 12:57:22'),
(398, 3, 34, '2021-06-30 12:57:22', '2021-06-30 12:57:22'),
(399, 1, 34, '2021-06-30 12:57:22', '2021-06-30 12:57:22'),
(400, 18, 34, '2021-06-30 12:57:22', '2021-06-30 12:57:22'),
(401, 11, 34, '2021-06-30 12:57:22', '2021-06-30 12:57:22'),
(402, 13, 34, '2021-06-30 12:57:22', '2021-06-30 12:57:22'),
(403, 20, 34, '2021-06-30 12:57:22', '2021-06-30 12:57:22'),
(404, 19, 34, '2021-06-30 12:57:22', '2021-06-30 12:57:22'),
(405, 6, 34, '2021-06-30 12:57:22', '2021-06-30 12:57:22'),
(406, 5, 34, '2021-06-30 12:57:22', '2021-06-30 12:57:22'),
(407, 2, 34, '2021-06-30 12:57:22', '2021-06-30 12:57:22'),
(408, 9, 34, '2021-06-30 12:57:22', '2021-06-30 12:57:22'),
(409, 9, 35, '2021-06-30 13:42:37', '2021-06-30 13:42:37'),
(410, 4, 35, '2021-06-30 13:42:37', '2021-06-30 13:42:37'),
(411, 14, 35, '2021-06-30 13:42:37', '2021-06-30 13:42:37'),
(412, 6, 35, '2021-06-30 13:42:37', '2021-06-30 13:42:37'),
(413, 21, 35, '2021-06-30 13:42:37', '2021-06-30 13:42:37'),
(414, 1, 35, '2021-06-30 13:42:37', '2021-06-30 13:42:37'),
(415, 17, 35, '2021-06-30 13:42:37', '2021-06-30 13:42:37'),
(416, 8, 35, '2021-06-30 13:42:37', '2021-06-30 13:42:37'),
(417, 10, 35, '2021-06-30 13:42:37', '2021-06-30 13:42:37'),
(418, 16, 35, '2021-06-30 13:42:37', '2021-06-30 13:42:37'),
(419, 3, 35, '2021-06-30 13:42:37', '2021-06-30 13:42:37'),
(420, 13, 35, '2021-06-30 13:42:37', '2021-06-30 13:42:37'),
(421, 21, 36, '2021-07-01 14:27:26', '2021-07-01 14:27:26'),
(422, 16, 36, '2021-07-01 14:27:26', '2021-07-01 14:27:26'),
(423, 6, 36, '2021-07-01 14:27:26', '2021-07-01 14:27:26'),
(424, 15, 36, '2021-07-01 14:27:26', '2021-07-01 14:27:26'),
(425, 4, 36, '2021-07-01 14:27:26', '2021-07-01 14:27:26'),
(426, 5, 36, '2021-07-01 14:27:26', '2021-07-01 14:27:26'),
(427, 14, 36, '2021-07-01 14:27:26', '2021-07-01 14:27:26'),
(428, 12, 36, '2021-07-01 14:27:26', '2021-07-01 14:27:26'),
(429, 9, 36, '2021-07-01 14:27:26', '2021-07-01 14:27:26'),
(430, 8, 36, '2021-07-01 14:27:26', '2021-07-01 14:27:26'),
(431, 17, 36, '2021-07-01 14:27:26', '2021-07-01 14:27:26'),
(432, 3, 36, '2021-07-01 14:27:26', '2021-07-01 14:27:26'),
(433, 17, 37, '2021-07-02 18:03:48', '2021-07-02 18:03:48'),
(434, 2, 37, '2021-07-02 18:03:48', '2021-07-02 18:03:48'),
(435, 6, 37, '2021-07-02 18:03:48', '2021-07-02 18:03:48'),
(436, 12, 37, '2021-07-02 18:03:48', '2021-07-02 18:03:48'),
(437, 10, 37, '2021-07-02 18:03:48', '2021-07-02 18:03:48'),
(438, 18, 37, '2021-07-02 18:03:48', '2021-07-02 18:03:48'),
(439, 3, 37, '2021-07-02 18:03:48', '2021-07-02 18:03:48'),
(440, 4, 37, '2021-07-02 18:03:48', '2021-07-02 18:03:48'),
(441, 1, 37, '2021-07-02 18:03:48', '2021-07-02 18:03:48'),
(442, 8, 37, '2021-07-02 18:03:48', '2021-07-02 18:03:48'),
(443, 19, 37, '2021-07-02 18:03:48', '2021-07-02 18:03:48'),
(444, 9, 37, '2021-07-02 18:03:48', '2021-07-02 18:03:48'),
(445, 15, 38, '2021-07-03 15:03:39', '2021-07-03 15:03:39'),
(446, 1, 38, '2021-07-03 15:03:39', '2021-07-03 15:03:39'),
(447, 11, 38, '2021-07-03 15:03:39', '2021-07-03 15:03:39'),
(448, 8, 38, '2021-07-03 15:03:39', '2021-07-03 15:03:39'),
(449, 10, 38, '2021-07-03 15:03:39', '2021-07-03 15:03:39'),
(450, 12, 38, '2021-07-03 15:03:39', '2021-07-03 15:03:39'),
(451, 4, 38, '2021-07-03 15:03:39', '2021-07-03 15:03:39'),
(452, 5, 38, '2021-07-03 15:03:39', '2021-07-03 15:03:39'),
(453, 2, 38, '2021-07-03 15:03:39', '2021-07-03 15:03:39'),
(454, 21, 38, '2021-07-03 15:03:39', '2021-07-03 15:03:39'),
(455, 14, 38, '2021-07-03 15:03:39', '2021-07-03 15:03:39'),
(456, 19, 38, '2021-07-03 15:03:39', '2021-07-03 15:03:39'),
(457, 7, 39, '2021-07-03 15:24:49', '2021-07-03 15:24:49'),
(458, 13, 39, '2021-07-03 15:24:49', '2021-07-03 15:24:49'),
(459, 2, 39, '2021-07-03 15:24:49', '2021-07-03 15:24:49'),
(460, 20, 39, '2021-07-03 15:24:49', '2021-07-03 15:24:49'),
(461, 17, 39, '2021-07-03 15:24:49', '2021-07-03 15:24:49'),
(462, 3, 39, '2021-07-03 15:24:49', '2021-07-03 15:24:49'),
(463, 14, 39, '2021-07-03 15:24:49', '2021-07-03 15:24:49'),
(464, 21, 39, '2021-07-03 15:24:49', '2021-07-03 15:24:49'),
(465, 4, 39, '2021-07-03 15:24:49', '2021-07-03 15:24:49'),
(466, 15, 39, '2021-07-03 15:24:49', '2021-07-03 15:24:49'),
(467, 16, 39, '2021-07-03 15:24:49', '2021-07-03 15:24:49'),
(468, 6, 39, '2021-07-03 15:24:49', '2021-07-03 15:24:49');

-- --------------------------------------------------------

--
-- Table structure for table `user_social_login_master`
--

CREATE TABLE `user_social_login_master` (
  `us_id` int(11) NOT NULL,
  `user_id` int(11) NOT NULL,
  `connect_id` int(11) NOT NULL,
  `social_type` varchar(150) NOT NULL,
  `connect_point` double NOT NULL,
  `is_public` int(11) NOT NULL,
  `created_date` datetime NOT NULL DEFAULT CURRENT_TIMESTAMP,
  `updated_date` datetime NOT NULL DEFAULT CURRENT_TIMESTAMP ON UPDATE CURRENT_TIMESTAMP
) ENGINE=InnoDB DEFAULT CHARSET=utf8;

--
-- Dumping data for table `user_social_login_master`
--

INSERT INTO `user_social_login_master` (`us_id`, `user_id`, `connect_id`, `social_type`, `connect_point`, `is_public`, `created_date`, `updated_date`) VALUES
(1, 1, 15051051, 'Facebook', 7, 1, '2021-06-12 14:35:51', '2021-06-28 16:40:00'),
(2, 2, 150510, 'Google', 0, 0, '2021-06-26 11:59:15', '2021-06-26 11:59:15'),
(3, 23, 2147483647, 'Facebook', 0, 0, '2021-06-26 15:06:09', '2021-06-26 15:06:09'),
(4, 24, 2147483647, 'Google', 0, 0, '2021-06-28 10:34:55', '2021-06-28 10:34:55'),
(5, 28, 2147483647, 'Facebook', 0, 0, '2021-06-28 16:57:04', '2021-06-28 16:57:04'),
(6, 36, 2147483647, 'Google', 0, 0, '2021-07-01 14:51:23', '2021-07-01 14:51:23'),
(7, 38, 2147483647, 'Facebook', 0, 0, '2021-07-03 15:04:09', '2021-07-03 15:04:09');

--
-- Indexes for dumped tables
--

--
-- Indexes for table `admin_master`
--
ALTER TABLE `admin_master`
  ADD PRIMARY KEY (`id`);

--
-- Indexes for table `contact_email_addresses`
--
ALTER TABLE `contact_email_addresses`
  ADD PRIMARY KEY (`cea_id`);

--
-- Indexes for table `contact_phonenumbers`
--
ALTER TABLE `contact_phonenumbers`
  ADD PRIMARY KEY (`cpn_id`);

--
-- Indexes for table `contact_postal_addresses`
--
ALTER TABLE `contact_postal_addresses`
  ADD PRIMARY KEY (`cpa_id`);

--
-- Indexes for table `contact_social_profiles`
--
ALTER TABLE `contact_social_profiles`
  ADD PRIMARY KEY (`csp_id`);

--
-- Indexes for table `key_master`
--
ALTER TABLE `key_master`
  ADD PRIMARY KEY (`key_id`);

--
-- Indexes for table `key_token_master`
--
ALTER TABLE `key_token_master`
  ADD PRIMARY KEY (`key_token_id`);

--
-- Indexes for table `notification_master`
--
ALTER TABLE `notification_master`
  ADD PRIMARY KEY (`noti_id`);

--
-- Indexes for table `secret_word_master`
--
ALTER TABLE `secret_word_master`
  ADD PRIMARY KEY (`word_id`);

--
-- Indexes for table `user_contact_list_master`
--
ALTER TABLE `user_contact_list_master`
  ADD PRIMARY KEY (`contact_id`);

--
-- Indexes for table `user_favorite_master`
--
ALTER TABLE `user_favorite_master`
  ADD PRIMARY KEY (`id`);

--
-- Indexes for table `user_master`
--
ALTER TABLE `user_master`
  ADD PRIMARY KEY (`user_id`);

--
-- Indexes for table `user_secret_word_master`
--
ALTER TABLE `user_secret_word_master`
  ADD PRIMARY KEY (`usw_id`);

--
-- Indexes for table `user_social_login_master`
--
ALTER TABLE `user_social_login_master`
  ADD PRIMARY KEY (`us_id`);

--
-- AUTO_INCREMENT for dumped tables
--

--
-- AUTO_INCREMENT for table `admin_master`
--
ALTER TABLE `admin_master`
  MODIFY `id` int(11) NOT NULL AUTO_INCREMENT, AUTO_INCREMENT=2;

--
-- AUTO_INCREMENT for table `contact_email_addresses`
--
ALTER TABLE `contact_email_addresses`
  MODIFY `cea_id` int(11) NOT NULL AUTO_INCREMENT, AUTO_INCREMENT=16;

--
-- AUTO_INCREMENT for table `contact_phonenumbers`
--
ALTER TABLE `contact_phonenumbers`
  MODIFY `cpn_id` int(11) NOT NULL AUTO_INCREMENT, AUTO_INCREMENT=34;

--
-- AUTO_INCREMENT for table `contact_postal_addresses`
--
ALTER TABLE `contact_postal_addresses`
  MODIFY `cpa_id` int(11) NOT NULL AUTO_INCREMENT, AUTO_INCREMENT=22;

--
-- AUTO_INCREMENT for table `contact_social_profiles`
--
ALTER TABLE `contact_social_profiles`
  MODIFY `csp_id` int(11) NOT NULL AUTO_INCREMENT;

--
-- AUTO_INCREMENT for table `key_master`
--
ALTER TABLE `key_master`
  MODIFY `key_id` int(10) NOT NULL AUTO_INCREMENT, AUTO_INCREMENT=4;

--
-- AUTO_INCREMENT for table `key_token_master`
--
ALTER TABLE `key_token_master`
  MODIFY `key_token_id` int(11) NOT NULL AUTO_INCREMENT, AUTO_INCREMENT=40;

--
-- AUTO_INCREMENT for table `notification_master`
--
ALTER TABLE `notification_master`
  MODIFY `noti_id` int(11) NOT NULL AUTO_INCREMENT, AUTO_INCREMENT=8;

--
-- AUTO_INCREMENT for table `secret_word_master`
--
ALTER TABLE `secret_word_master`
  MODIFY `word_id` int(11) NOT NULL AUTO_INCREMENT, AUTO_INCREMENT=22;

--
-- AUTO_INCREMENT for table `user_contact_list_master`
--
ALTER TABLE `user_contact_list_master`
  MODIFY `contact_id` int(11) NOT NULL AUTO_INCREMENT, AUTO_INCREMENT=7;

--
-- AUTO_INCREMENT for table `user_favorite_master`
--
ALTER TABLE `user_favorite_master`
  MODIFY `id` int(11) NOT NULL AUTO_INCREMENT, AUTO_INCREMENT=21;

--
-- AUTO_INCREMENT for table `user_master`
--
ALTER TABLE `user_master`
  MODIFY `user_id` int(11) NOT NULL AUTO_INCREMENT, AUTO_INCREMENT=40;

--
-- AUTO_INCREMENT for table `user_secret_word_master`
--
ALTER TABLE `user_secret_word_master`
  MODIFY `usw_id` int(11) NOT NULL AUTO_INCREMENT, AUTO_INCREMENT=469;

--
-- AUTO_INCREMENT for table `user_social_login_master`
--
ALTER TABLE `user_social_login_master`
  MODIFY `us_id` int(11) NOT NULL AUTO_INCREMENT, AUTO_INCREMENT=8;
COMMIT;

/*!40101 SET CHARACTER_SET_CLIENT=@OLD_CHARACTER_SET_CLIENT */;
/*!40101 SET CHARACTER_SET_RESULTS=@OLD_CHARACTER_SET_RESULTS */;
/*!40101 SET COLLATION_CONNECTION=@OLD_COLLATION_CONNECTION */;
